{
    "wall_times": {
        "load_features": 0.0004205950000004677,
        "load_matches": 8.956599999976333e-05,
        "compute_tracks": 0.263745578
    },
    "wall_time": 0.2642557390000002,
    "num_images": 14,
    "num_tracks": 5159,
    "view_graph": [
        [
            "8.jpg",
            "9.jpg",
            894
        ],
        [
            "8.jpg",
            "12.jpg",
            32
        ],
        [
            "8.jpg",
            "13.jpg",
            26
        ],
        [
            "8.jpg",
            "11.jpg",
            89
        ],
        [
            "8.jpg",
            "10.jpg",
            235
        ],
        [
            "8.jpg",
            "4.jpg",
            410
        ],
        [
            "8.jpg",
            "5.jpg",
            527
        ],
        [
            "8.jpg",
            "7.jpg",
            907
        ],
        [
            "8.jpg",
            "6.jpg",
            697
        ],
        [
            "8.jpg",
            "2.jpg",
            251
        ],
        [
            "8.jpg",
            "3.jpg",
            299
        ],
        [
            "8.jpg",
            "1.jpg",
            97
        ],
        [
            "8.jpg",
            "0.jpg",
            26
        ],
        [
            "9.jpg",
            "8.jpg",
            894
        ],
        [
            "9.jpg",
            "12.jpg",
            45
        ],
        [
            "9.jpg",
            "13.jpg",
            41
        ],
        [
            "9.jpg",
            "11.jpg",
            102
        ],
        [
            "9.jpg",
            "10.jpg",
            311
        ],
        [
            "9.jpg",
            "4.jpg",
            252
        ],
        [
            "9.jpg",
            "5.jpg",
            328
        ],
        [
            "9.jpg",
            "7.jpg",
            576
        ],
        [
            "9.jpg",
            "6.jpg",
            438
        ],
        [
            "9.jpg",
            "2.jpg",
            153
        ],
        [
            "9.jpg",
            "3.jpg",
            196
        ],
        [
            "9.jpg",
            "1.jpg",
            32
        ],
        [
            "9.jpg",
            "0.jpg",
            1
        ],
        [
            "12.jpg",
            "8.jpg",
            32
        ],
        [
            "12.jpg",
            "9.jpg",
            45
        ],
        [
            "12.jpg",
            "13.jpg",
            1072
        ],
        [
            "12.jpg",
            "11.jpg",
            234
        ],
        [
            "12.jpg",
            "10.jpg",
            97
        ],
        [
            "12.jpg",
            "4.jpg",
            33
        ],
        [
            "12.jpg",
            "5.jpg",
            49
        ],
        [
            "12.jpg",
            "7.jpg",
            38
        ],
        [
            "12.jpg",
            "6.jpg",
            54
        ],
        [
            "12.jpg",
            "2.jpg",
            10
        ],
        [
            "12.jpg",
            "3.jpg",
            31
        ],
        [
            "13.jpg",
            "8.jpg",
            26
        ],
        [
            "13.jpg",
            "9.jpg",
            41
        ],
        [
            "13.jpg",
            "12.jpg",
            1072
        ],
        [
            "13.jpg",
            "11.jpg",
            184
        ],
        [
            "13.jpg",
            "10.jpg",
            88
        ],
        [
            "13.jpg",
            "4.jpg",
            32
        ],
        [
            "13.jpg",
            "5.jpg",
            47
        ],
        [
            "13.jpg",
            "7.jpg",
            31
        ],
        [
            "13.jpg",
            "6.jpg",
            52
        ],
        [
            "13.jpg",
            "2.jpg",
            10
        ],
        [
            "13.jpg",
            "3.jpg",
            29
        ],
        [
            "13.jpg",
            "1.jpg",
            2
        ],
        [
            "13.jpg",
            "0.jpg",
            1
        ],
        [
            "11.jpg",
            "8.jpg",
            89
        ],
        [
            "11.jpg",
            "9.jpg",
            102
        ],
        [
            "11.jpg",
            "12.jpg",
            234
        ],
        [
            "11.jpg",
            "13.jpg",
            184
        ],
        [
            "11.jpg",
            "10.jpg",
            183
        ],
        [
            "11.jpg",
            "4.jpg",
            44
        ],
        [
            "11.jpg",
            "5.jpg",
            51
        ],
        [
            "11.jpg",
            "7.jpg",
            66
        ],
        [
            "11.jpg",
            "6.jpg",
            65
        ],
        [
            "11.jpg",
            "2.jpg",
            30
        ],
        [
            "11.jpg",
            "3.jpg",
            38
        ],
        [
            "11.jpg",
            "1.jpg",
            6
        ],
        [
            "10.jpg",
            "8.jpg",
            235
        ],
        [
            "10.jpg",
            "9.jpg",
            311
        ],
        [
            "10.jpg",
            "12.jpg",
            97
        ],
        [
            "10.jpg",
            "13.jpg",
            88
        ],
        [
            "10.jpg",
            "11.jpg",
            183
        ],
        [
            "10.jpg",
            "4.jpg",
            106
        ],
        [
            "10.jpg",
            "5.jpg",
            131
        ],
        [
            "10.jpg",
            "7.jpg",
            192
        ],
        [
            "10.jpg",
            "6.jpg",
            177
        ],
        [
            "10.jpg",
            "2.jpg",
            68
        ],
        [
            "10.jpg",
            "3.jpg",
            87
        ],
        [
            "10.jpg",
            "1.jpg",
            15
        ],
        [
            "4.jpg",
            "8.jpg",
            410
        ],
        [
            "4.jpg",
            "9.jpg",
            252
        ],
        [
            "4.jpg",
            "12.jpg",
            33
        ],
        [
            "4.jpg",
            "13.jpg",
            32
        ],
        [
            "4.jpg",
            "11.jpg",
            44
        ],
        [
            "4.jpg",
            "10.jpg",
            106
        ],
        [
            "4.jpg",
            "5.jpg",
            1006
        ],
        [
            "4.jpg",
            "7.jpg",
            548
        ],
        [
            "4.jpg",
            "6.jpg",
            775
        ],
        [
            "4.jpg",
            "2.jpg",
            785
        ],
        [
            "4.jpg",
            "3.jpg",
            1048
        ],
        [
            "4.jpg",
            "1.jpg",
            451
        ],
        [
            "4.jpg",
            "0.jpg",
            53
        ],
        [
            "5.jpg",
            "8.jpg",
            527
        ],
        [
            "5.jpg",
            "9.jpg",
            328
        ],
        [
            "5.jpg",
            "12.jpg",
            49
        ],
        [
            "5.jpg",
            "13.jpg",
            47
        ],
        [
            "5.jpg",
            "11.jpg",
            51
        ],
        [
            "5.jpg",
            "10.jpg",
            131
        ],
        [
            "5.jpg",
            "4.jpg",
            1006
        ],
        [
            "5.jpg",
            "7.jpg",
            758
        ],
        [
            "5.jpg",
            "6.jpg",
            1081
        ],
        [
            "5.jpg",
            "2.jpg",
            512
        ],
        [
            "5.jpg",
